{
  "$schema": "http://schemas.management.azure.com/schemas/2014-04-01-preview/deploymentTemplate.json#",
  "contentVersion": "1.0.0.0",
  "parameters": {
    "siteName": {
      "type": "String"
    },
    "hostingPlanName": {
      "type": "String"
    },
    "siteMode": {
      "type": "String"
    },
    "computeMode": {
      "type": "String"
    },
    "siteLocation": {
      "type": "String"
    },
    "sku": {
      "type": "String",
      "allowedValues": [
        "Free",
        "Shared",
        "Basic",
        "Standard"
      ]
    },
    "workerSize": {
      "type": "String",
      "allowedValues": [
        "0",
        "1",
        "2"
      ]
    },
    "subscriptionId": {
      "type": "String"
    },
    "resourceGroup": {
      "type": "String"
    }
  },
  "resources": [
    {
      "type": "Microsoft.Web/serverfarms",
      "apiVersion": "2014-06-01",
      "name": "[parameters('hostingPlanName')]",
      "location": "[parameters('siteLocation')]",
      "properties": {
        "name": "[parameters('hostingPlanName')]",
        "sku": "[parameters('sku')]",
        "workerSize": "0",
        "numberOfWorkers": 0
      }
    },
    {
      "type": "Microsoft.Web/sites",
      "apiVersion": "2014-06-01",
      "name": "[parameters('siteName')]",
      "location": "[parameters('siteLocation')]",
      "tags": {
        "[concat('hidden-related:', resourceGroup().id, '/providers/Microsoft.Web/serverfarms/', parameters('hostingPlanName'))]": "empty"
      },
      "dependsOn": [
        "[concat('Microsoft.Web/serverfarms/', parameters('hostingPlanName'))]"
      ],
      "properties": {
        "name": "[parameters('siteName')]",
        "serverFarm": "[parameters('hostingPlanName')]"
      }
    },
    {
      "type": "microsoft.insights/autoscalesettings",
      "apiVersion": "2014-04-01",
      "name": "[concat(parameters('hostingPlanName'), '-', resourceGroup().name)]",
      "location": "East US",
      "tags": {
        "[concat('hidden-link:', resourceGroup().id, '/providers/Microsoft.Web/serverfarms/', parameters('hostingPlanName'))]": "Resource"
      },
      "dependsOn": [
        "[concat('Microsoft.Web/serverfarms/', parameters('hostingPlanName'))]"
      ],
      "properties": {
        "profiles": [
          {
            "name": "Default",
            "capacity": {
              "minimum": "1",
              "maximum": "2",
              "default": "1"
            },
            "rules": [
              {
                "metricTrigger": {
                  "metricName": "CpuPercentage",
                  "metricResourceUri": "[concat(resourceGroup().id, '/providers/Microsoft.Web/serverfarms/', parameters('hostingPlanName'))]",
                  "timeGrain": "PT1M",
                  "statistic": "Average",
                  "timeWindow": "PT10M",
                  "timeAggregation": "Average",
                  "operator": "GreaterThan",
                  "threshold": 80.0
                },
                "scaleAction": {
                  "direction": "Increase",
                  "type": "ChangeCount",
                  "value": "1",
                  "cooldown": "PT10M"
                }
              },
              {
                "metricTrigger": {
                  "metricName": "CpuPercentage",
                  "metricResourceUri": "[concat(resourceGroup().id, '/providers/Microsoft.Web/serverfarms/', parameters('hostingPlanName'))]",
                  "timeGrain": "PT1M",
                  "statistic": "Average",
                  "timeWindow": "PT1H",
                  "timeAggregation": "Average",
                  "operator": "LessThan",
                  "threshold": 60.0
                },
                "scaleAction": {
                  "direction": "Decrease",
                  "type": "ChangeCount",
                  "value": "1",
                  "cooldown": "PT1H"
                }
              }
            ]
          }
        ],
        "enabled": false,
        "name": "[concat(parameters('hostingPlanName'), '-', resourceGroup().name)]",
        "targetResourceUri": "[concat(resourceGroup().id, '/providers/Microsoft.Web/serverfarms/', parameters('hostingPlanName'))]"
      }
    },
    {
      "type": "microsoft.insights/alertrules",
      "apiVersion": "2014-04-01",
      "name": "[concat('ServerErrors ', parameters('siteName'))]",
      "location": "East US",
      "tags": {
        "[concat('hidden-link:', resourceGroup().id, '/providers/Microsoft.Web/sites/', parameters('siteName'))]": "Resource"
      },
      "dependsOn": [
        "[concat('Microsoft.Web/sites/', parameters('siteName'))]"
      ],
      "properties": {
        "name": "[concat('ServerErrors ', parameters('siteName'))]",
        "description": "[concat(parameters('siteName'), ' has some server errors, status code 5xx.')]",
        "isEnabled": false,
        "condition": {
          "odata.type": "Microsoft.WindowsAzure.Management.Monitoring.Alerts.Models.ThresholdRuleCondition",
          "dataSource": {
            "odata.type": "Microsoft.WindowsAzure.Management.Monitoring.Alerts.Models.RuleMetricDataSource",
            "resourceUri": "[concat(resourceGroup().id, '/providers/Microsoft.Web/sites/', parameters('siteName'))]",
            "metricName": "Http5xx"
          },
          "operator": "GreaterThan",
          "threshold": 0.0,
          "windowSize": "PT5M"
        },
        "action": {
          "odata.type": "Microsoft.WindowsAzure.Management.Monitoring.Alerts.Models.RuleEmailAction",
          "sendToServiceOwners": true,
          "customEmails": []
        }
      }
    },
    {
      "type": "microsoft.insights/alertrules",
      "apiVersion": "2014-04-01",
      "name": "[concat('ForbiddenRequests ', parameters('siteName'))]",
      "location": "East US",
      "tags": {
        "[concat('hidden-link:', resourceGroup().id, '/providers/Microsoft.Web/sites/', parameters('siteName'))]": "Resource"
      },
      "dependsOn": [
        "[concat('Microsoft.Web/sites/', parameters('siteName'))]"
      ],
      "properties": {
        "name": "[concat('ForbiddenRequests ', parameters('siteName'))]",
        "description": "[concat(parameters('siteName'), ' has some requests that are forbidden, status code 403.')]",
        "isEnabled": false,
        "condition": {
          "odata.type": "Microsoft.WindowsAzure.Management.Monitoring.Alerts.Models.ThresholdRuleCondition",
          "dataSource": {
            "odata.type": "Microsoft.WindowsAzure.Management.Monitoring.Alerts.Models.RuleMetricDataSource",
            "resourceUri": "[concat(resourceGroup().id, '/providers/Microsoft.Web/sites/', parameters('siteName'))]",
            "metricName": "Http403"
          },
          "operator": "GreaterThan",
          "threshold": 0,
          "windowSize": "PT5M"
        },
        "action": {
          "odata.type": "Microsoft.WindowsAzure.Management.Monitoring.Alerts.Models.RuleEmailAction",
          "sendToServiceOwners": true,
          "customEmails": []
        }
      }
    },
    {
      "type": "microsoft.insights/alertrules",
      "apiVersion": "2014-04-01",
      "name": "[concat('CPUHigh ', parameters('hostingPlanName'))]",
      "location": "East US",
      "tags": {
        "[concat('hidden-link:', resourceGroup().id, '/providers/Microsoft.Web/serverfarms/', parameters('hostingPlanName'))]": "Resource"
      },
      "dependsOn": [
        "[concat('Microsoft.Web/serverfarms/', parameters('hostingPlanName'))]"
      ],
      "properties": {
        "name": "[concat('CPUHigh ', parameters('hostingPlanName'))]",
        "description": "[concat('The average CPU is high across all the instances of ', parameters('hostingPlanName'))]",
        "isEnabled": false,
        "condition": {
          "odata.type": "Microsoft.WindowsAzure.Management.Monitoring.Alerts.Models.ThresholdRuleCondition",
          "dataSource": {
            "odata.type": "Microsoft.WindowsAzure.Management.Monitoring.Alerts.Models.RuleMetricDataSource",
            "resourceUri": "[concat(resourceGroup().id, '/providers/Microsoft.Web/serverfarms/', parameters('hostingPlanName'))]",
            "metricName": "CpuPercentage"
          },
          "operator": "GreaterThan",
          "threshold": 90,
          "windowSize": "PT15M"
        },
        "action": {
          "odata.type": "Microsoft.WindowsAzure.Management.Monitoring.Alerts.Models.RuleEmailAction",
          "sendToServiceOwners": true,
          "customEmails": []
        }
      }
    },
    {
      "type": "microsoft.insights/alertrules",
      "apiVersion": "2014-04-01",
      "name": "[concat('LongHttpQueue ', parameters('hostingPlanName'))]",
      "location": "East US",
      "tags": {
        "[concat('hidden-link:', resourceGroup().id, '/providers/Microsoft.Web/serverfarms/', parameters('hostingPlanName'))]": "Resource"
      },
      "dependsOn": [
        "[concat('Microsoft.Web/serverfarms/', parameters('hostingPlanName'))]"
      ],
      "properties": {
        "name": "[concat('LongHttpQueue ', parameters('hostingPlanName'))]",
        "description": "[concat('The HTTP queue for the instances of ', parameters('hostingPlanName'), ' has a large number of pending requests.')]",
        "isEnabled": false,
        "condition": {
          "odata.type": "Microsoft.WindowsAzure.Management.Monitoring.Alerts.Models.ThresholdRuleCondition",
          "dataSource": {
            "odata.type": "Microsoft.WindowsAzure.Management.Monitoring.Alerts.Models.RuleMetricDataSource",
            "resourceUri": "[concat(resourceGroup().id, '/providers/Microsoft.Web/serverfarms/', parameters('hostingPlanName'))]",
            "metricName": "HttpQueueLength"
          },
          "operator": "GreaterThan",
          "threshold": 100.0,
          "windowSize": "PT5M"
        },
        "action": {
          "odata.type": "Microsoft.WindowsAzure.Management.Monitoring.Alerts.Models.RuleEmailAction",
          "sendToServiceOwners": true,
          "customEmails": []
        }
      }
    },
    {
      "type": "microsoft.insights/components",
      "apiVersion": "2014-04-01",
      "name": "[parameters('siteName')]",
      "location": "Central US",
      "tags": {
        "[concat('hidden-link:', resourceGroup().id, '/providers/Microsoft.Web/sites/', parameters('siteName'))]": "Resource"
      },
      "dependsOn": [
        "[concat('Microsoft.Web/sites/', parameters('siteName'))]"
      ],
      "properties": {
        "ApplicationId": "[parameters('siteName')]"
      }
    }
  ]
}